{
  "Aranka's die": [
    0.0,
    0.285714285714,
    0.047619047619,
    0.285714285714,
    0.047619047619,
    0.285714285714,
    0.047619047619
  ],
  "Cautious cheater's die": [
    0.0,
    0.238095238095,
    0.142857142857,
    0.095238095238,
    0.142857142857,
    0.238095238095,
    0.142857142857
  ],
  "Ci die": [
    0.0,
    0.142857142857,
    0.142857142857,
    0.142857142857,
    0.142857142857,
    0.142857142857,
    0.285714285714
  ],
  "Devil's head die": [
    0.0,
    0.166666666667,
    0.166666666667,
    0.166666666667,
    0.166666666667,
    0.166666666667,
    0.166666666667
  ],
  "Die of misfortune": [
    0.0,
    0.045454545455,
    0.227272727273,
    0.227272727273,
    0.227272727273,
    0.227272727273,
    0.045454545455
  ],
  "Even die": [
    0.0,
    0.066666666667,
    0.266666666667,
    0.066666666667,
    0.266666666667,
    0.066666666667,
    0.266666666667
  ],
  "Favourable die": [
    0.0,
    0.333333333333,
    0.0,
    0.055555555556,
    0.055555555556,
    0.333333333333,
    0.222222222222
  ],
  "Fer die": [
    0.0,
    0.15,
    0.15,
    0.15,
    0.15,
    0.15,
    0.25
  ],
  "Greasy die": [
    0.0,
    0.176470588235,
    0.117647058824,
    0.176470588235,
    0.117647058824,
    0.176470588235,
    0.235294117647
  ],
  "Grimy die": [
    0.0,
    0.0625,
    0.3125,
    0.0625,
    0.0625,
    0.4375,
    0.0625
  ],
  "Grozav's lucky die": [
    0.0,
    0.066666666667,
    0.666666666667,
    0.066666666667,
    0.066666666667,
    0.066666666667,
    0.066666666667
  ],
  "Heavenly Kingdom die": [
    0.0,
    0.368421052632,
    0.105263157895,
    0.105263157895,
    0.105263157895,
    0.105263157895,
    0.210526315789
  ],
  "Holy Trinity die": [
    0.0,
    0.210526315789,
    0.263157894737,
    0.368421052632,
    0.052631578947,
    0.052631578947,
    0.052631578947
  ],
  "Hugo's Die": [
    0.0,
    0.166666666667,
    0.166666666667,
    0.166666666667,
    0.166666666667,
    0.166666666667,
    0.166666666667
  ],
  "King's die": [
    0.0,
    0.125,
    0.1875,
    0.21875,
    0.25,
    0.125,
    0.09375
  ],
  "Lousy gambler's die": [
    0.0,
    0.1,
    0.15,
    0.1,
    0.15,
    0.35,
    0.15
  ],
  "Lu die": [
    0.0,
    0.142857142857,
    0.142857142857,
    0.142857142857,
    0.142857142857,
    0.142857142857,
    0.285714285714
  ],
  "Lucky Die": [
    0.0,
    0.272727272727,
    0.045454545455,
    0.090909090909,
    0.136363636364,
    0.181818181818,
    0.272727272727
  ],
  "Mathematician's Die": [
    0.0,
    0.166666666667,
    0.208333333333,
    0.25,
    0.291666666667,
    0.041666666667,
    0.041666666667
  ],
  "Molar die": [
    0.0,
    0.166666666667,
    0.166666666667,
    0.166666666667,
    0.166666666667,
    0.166666666667,
    0.166666666667
  ],
  "Mother-of-pearl die": [
    0.0,
    0.25,
    0.083333333333,
    0.083333333333,
    0.083333333333,
    0.25,
    0.25
  ],
  "Odd die": [
    0.0,
    0.266666666667,
    0.066666666667,
    0.266666666667,
    0.066666666667,
    0.266666666667,
    0.066666666667
  ],
  "Ordinary die": [
    0.0,
    0.166666666667,
    0.166666666667,
    0.166666666667,
    0.166666666667,
    0.166666666667,
    0.166666666667
  ],
  "Painted die": [
    0.0,
    0.2,
    0.066666666667,
    0.066666666667,
    0.066666666667,
    0.4,
    0.2
  ],
  "Painter's die B": [
    0.0,
    0.090909090909,
    0.272727272727,
    0.181818181818,
    0.181818181818,
    0.181818181818,
    0.090909090909
  ],
  "Painter's die G": [
    0.0,
    0.090909090909,
    0.272727272727,
    0.181818181818,
    0.181818181818,
    0.181818181818,
    0.090909090909
  ],
  "Painter's die R": [
    0.0,
    0.090909090909,
    0.272727272727,
    0.181818181818,
    0.181818181818,
    0.181818181818,
    0.090909090909
  ],
  "Pie die": [
    0.0,
    0.461538461538,
    0.076923076923,
    0.230769230769,
    0.230769230769,
    0.0,
    0.0
  ],
  "Premolar die": [
    0.0,
    0.166666666667,
    0.166666666667,
    0.166666666667,
    0.166666666667,
    0.166666666667,
    0.166666666667
  ],
  "Sad Greaser's Die": [
    0.0,
    0.260869565217,
    0.260869565217,
    0.04347826087,
    0.04347826087,
    0.260869565217,
    0.130434782609
  ],
  "Saint Antiochus' die": [
    0.0,
    0.2,
    0.066666666667,
    0.4,
    0.066666666667,
    0.066666666667,
    0.2
  ],
  "Shrinking die": [
    0.0,
    0.222222222222,
    0.111111111111,
    0.111111111111,
    0.111111111111,
    0.111111111111,
    0.333333333333
  ],
  "St. Stephen's die": [
    0.0,
    0.166666666667,
    0.166666666667,
    0.166666666667,
    0.166666666667,
    0.166666666667,
    0.166666666667
  ],
  "Strip die": [
    0.0,
    0.25,
    0.125,
    0.125,
    0.125,
    0.1875,
    0.1875
  ],
  "Three die": [
    0.0,
    0.181818181818,
    0.090909090909,
    0.363636363636,
    0.090909090909,
    0.181818181818,
    0.090909090909
  ],
  "Unbalanced Die": [
    0.0,
    0.25,
    0.333333333333,
    0.083333333333,
    0.083333333333,
    0.166666666667,
    0.083333333333
  ],
  "Unlucky die": [
    0.0,
    0.090909090909,
    0.272727272727,
    0.181818181818,
    0.181818181818,
    0.181818181818,
    0.090909090909
  ],
  "Wagoner's Die": [
    0.0,
    0.055555555556,
    0.277777777778,
    0.333333333333,
    0.111111111111,
    0.111111111111,
    0.111111111111
  ],
  "Weighted die": [
    0.0,
    0.666666666667,
    0.066666666667,
    0.066666666667,
    0.066666666667,
    0.066666666667,
    0.066666666667
  ],
  "Wisdom tooth die": [
    0.0,
    0.166666666667,
    0.166666666667,
    0.166666666667,
    0.166666666667,
    0.166666666667,
    0.166666666667
  ]
}